{
  "q": 10,
  "plane": "ab00",
  "rng": 4,
  "V": 40,
  "E": 80,
  "n_dirs": 3280,
  "n_aligned": 3280,
  "n_snapped": 160,
  "n_errors": 0,
  "elapsed_s": 111.26,
  "n_sigs": 5,
  "sigs": [
    [
      40,
      80,
      "2f14904a74911329",
      [
        [
          1.0,
          20
        ],
        [
          1.90211,
          40
        ],
        [
          4.23607,
          20
        ]
      ]
    ],
    [
      40,
      80,
      "6ff7569b1fa4c243",
      [
        [
          1.0,
          40
        ],
        [
          1.09283,
          20
        ],
        [
          2.01042,
          20
        ]
      ]
    ],
    [
      40,
      80,
      "7321c2c23935e90d",
      [
        [
          1.0,
          40
        ],
        [
          1.30944,
          20
        ],
        [
          1.87655,
          20
        ]
      ]
    ],
    [
      40,
      80,
      "7e1e9efa27cc9ddb",
      [
        [
          1.0,
          40
        ],
        [
          1.46619,
          20
        ],
        [
          1.7568,
          20
        ]
      ]
    ],
    [
      40,
      80,
      "9e455cd5c5a4fafd",
      [
        [
          1.0,
          20
        ],
        [
          1.09214,
          40
        ],
        [
          2.29029,
          20
        ]
      ]
    ]
  ]
}