{
  "rng": 5,
  "n_dirs": 7320,
  "n_aligned": 7320,
  "n_snapped": 236,
  "n_errors": 0,
  "elapsed_s": 244.23,
  "sigs": [
    [
      40,
      80,
      "2f14904a74911329",
      [
        [
          1.0,
          20
        ],
        [
          1.90211,
          40
        ],
        [
          4.23607,
          20
        ]
      ]
    ],
    [
      40,
      80,
      "6ff7569b1fa4c243",
      [
        [
          1.0,
          40
        ],
        [
          1.09283,
          20
        ],
        [
          2.01042,
          20
        ]
      ]
    ],
    [
      40,
      80,
      "7321c2c23935e90d",
      [
        [
          1.0,
          40
        ],
        [
          1.30944,
          20
        ],
        [
          1.87655,
          20
        ]
      ]
    ],
    [
      40,
      80,
      "7e1e9efa27cc9ddb",
      [
        [
          1.0,
          40
        ],
        [
          1.46619,
          20
        ],
        [
          1.7568,
          20
        ]
      ]
    ],
    [
      40,
      80,
      "9e455cd5c5a4fafd",
      [
        [
          1.0,
          20
        ],
        [
          1.09214,
          40
        ],
        [
          2.29029,
          20
        ]
      ]
    ]
  ]
}