{
  "q": 6,
  "plane": "ab00",
  "rng": 5,
  "V": 24,
  "E": 48,
  "n_dirs": 7320,
  "n_aligned": 7320,
  "n_snapped": 160,
  "n_errors": 0,
  "elapsed_s": 238.33,
  "n_sigs": 3,
  "sigs": [
    [
      24,
      48,
      "7fcae3177a93bf9b",
      [
        [
          1.0,
          12
        ],
        [
          1.11545,
          24
        ],
        [
          1.22002,
          12
        ]
      ]
    ],
    [
      24,
      48,
      "c3f32d1a4889bc9a",
      [
        [
          1.0,
          12
        ],
        [
          1.73205,
          24
        ],
        [
          2.23607,
          12
        ]
      ]
    ],
    [
      24,
      48,
      "f0de356895a7e439",
      [
        [
          1.0,
          12
        ],
        [
          16.40622,
          24
        ],
        [
          23.18034,
          12
        ]
      ]
    ]
  ]
}