{
  "q": 6,
  "plane": "abcd",
  "rng": 2,
  "V": 24,
  "E": 48,
  "n_dirs": 195312,
  "n_aligned": 688,
  "n_snapped": 24,
  "n_errors": 0,
  "elapsed_s": 50.54,
  "n_sigs": 1,
  "sigs": [
    [
      24,
      48,
      "c3f32d1a4889bc9a",
      [
        [
          1.0,
          12
        ],
        [
          1.73205,
          24
        ],
        [
          2.23607,
          12
        ]
      ]
    ]
  ]
}