{
  "q": 10,
  "plane": "abcd",
  "rng": 3,
  "V": 40,
  "E": 80,
  "n_dirs": 2882400,
  "n_aligned": 2400,
  "n_snapped": 84,
  "n_errors": 0,
  "elapsed_s": 652.3,
  "n_sigs": 2,
  "sigs": [
    [
      40,
      80,
      "2f14904a74911329",
      [
        [
          1.0,
          20
        ],
        [
          1.90211,
          40
        ],
        [
          4.23607,
          20
        ]
      ]
    ],
    [
      40,
      80,
      "7e1e9efa27cc9ddb",
      [
        [
          1.0,
          40
        ],
        [
          1.46619,
          20
        ],
        [
          1.7568,
          20
        ]
      ]
    ]
  ]
}